url_path,views_total,views_unique
/vincent-noel/MaBoSS/actions,20,1
/vincent-noel/MaBoSS/actions/workflows/maboss-tests.yml,7,1
/vincent-noel/MaBoSS,5,1
/vincent-noel/MaBoSS/actions/runs/36044513120,5,1
/vincent-noel/MaBoSS/actions/runs/36171036219,5,1
/vincent-noel/MaBoSS/actions/runs/36044513120/job/107784614719,4,1
/vincent-noel/MaBoSS/actions/runs/36044513120/job/107784614757,4,1
/vincent-noel/MaBoSS/actions/runs/36171036219/job/108190334167,4,1
/vincent-noel/MaBoSS/actions/runs/36361942992/job/108740701392,3,1
/vincent-noel/MaBoSS/actions/runs/37056763524,3,1
